{
    "1": {
        "id": 1,
        "user_id": 1,
        "title": "测试提醒",
        "content": "任务「测试提醒任务」的测试提醒已发送。",
        "type": "reminder",
        "read": true,
        "created_at": "2025-12-27T22:09:49.034277"
    },
    "2": {
        "id": 2,
        "user_id": 1,
        "title": "测试提醒",
        "content": "任务「吃饭」的测试提醒已发送。",
        "type": "reminder",
        "read": true,
        "created_at": "2025-12-27T22:14:51.844662"
    },
    "3": {
        "id": 3,
        "user_id": 1,
        "title": "测试提醒",
        "content": "任务「吃饭」的测试提醒已发送。",
        "type": "reminder",
        "read": true,
        "created_at": "2025-12-27T22:15:29.635824"
    },
    "4": {
        "id": 4,
        "user_id": 1,
        "title": "测试提醒",
        "content": "任务「吃饭」的测试提醒已发送。",
        "type": "reminder",
        "read": true,
        "created_at": "2025-12-27T22:15:31.907644"
    },
    "5": {
        "id": 5,
        "user_id": 1,
        "title": "测试提醒",
        "content": "任务「吃饭」的测试提醒已发送。",
        "type": "reminder",
        "read": true,
        "created_at": "2025-12-27T22:15:42.838411"
    },
    "6": {
        "id": 6,
        "user_id": 1,
        "title": "测试提醒",
        "content": "任务「吃饭」的测试提醒已发送。",
        "type": "reminder",
        "read": true,
        "created_at": "2025-12-27T22:15:43.811641"
    },
    "7": {
        "id": 7,
        "user_id": 1,
        "title": "测试提醒",
        "content": "任务「吃饭」的测试提醒已发送。",
        "type": "reminder",
        "read": true,
        "created_at": "2025-12-27T22:15:44.007649"
    },
    "8": {
        "id": 8,
        "user_id": 1,
        "title": "测试提醒",
        "content": "任务「吃饭」的测试提醒已发送。",
        "type": "reminder",
        "read": true,
        "created_at": "2025-12-27T22:15:44.192991"
    },
    "9": {
        "id": 9,
        "user_id": 1,
        "title": "测试提醒",
        "content": "任务「吃饭」的测试提醒已发送。",
        "type": "reminder",
        "read": true,
        "created_at": "2025-12-27T22:15:44.422341"
    },
    "10": {
        "id": 10,
        "user_id": 1,
        "title": "测试提醒",
        "content": "任务「吃饭」的测试提醒已发送。",
        "type": "reminder",
        "read": true,
        "created_at": "2025-12-27T22:15:44.610380"
    },
    "11": {
        "id": 11,
        "user_id": 1,
        "title": "测试提醒",
        "content": "任务「吃饭」的测试提醒已发送。",
        "type": "reminder",
        "read": true,
        "created_at": "2025-12-27T22:15:44.776210"
    },
    "12": {
        "id": 12,
        "user_id": 1,
        "title": "测试提醒",
        "content": "任务「吃饭」的测试提醒已发送。",
        "type": "reminder",
        "read": true,
        "created_at": "2025-12-27T22:15:44.977009"
    },
    "13": {
        "id": 13,
        "user_id": 1,
        "title": "测试提醒",
        "content": "任务「吃饭」的测试提醒已发送。",
        "type": "reminder",
        "read": true,
        "created_at": "2025-12-27T22:15:45.143419"
    },
    "14": {
        "id": 14,
        "user_id": 1,
        "title": "测试提醒",
        "content": "任务「吃饭」的测试提醒已发送。",
        "type": "reminder",
        "read": true,
        "created_at": "2025-12-27T22:15:45.344769"
    },
    "15": {
        "id": 15,
        "user_id": 1,
        "title": "测试提醒",
        "content": "任务「吃饭」的测试提醒已发送。",
        "type": "reminder",
        "read": true,
        "created_at": "2025-12-27T22:15:45.529209"
    },
    "16": {
        "id": 16,
        "user_id": 1,
        "title": "测试提醒",
        "content": "任务「吃饭」的测试提醒已发送。",
        "type": "reminder",
        "read": true,
        "created_at": "2025-12-27T22:15:45.694784"
    },
    "17": {
        "id": 17,
        "user_id": 1,
        "title": "测试提醒",
        "content": "任务「吃饭」的测试提醒已发送。",
        "type": "reminder",
        "read": true,
        "created_at": "2025-12-27T22:15:45.912052"
    },
    "18": {
        "id": 18,
        "user_id": 1,
        "title": "测试提醒",
        "content": "任务「吃饭」的测试提醒已发送。",
        "type": "reminder",
        "read": true,
        "created_at": "2025-12-27T22:15:46.128951"
    },
    "19": {
        "id": 19,
        "user_id": 1,
        "title": "测试提醒",
        "content": "任务「吃饭」的测试提醒已发送。",
        "type": "reminder",
        "read": true,
        "created_at": "2025-12-27T22:15:46.483728"
    },
    "20": {
        "id": 20,
        "user_id": 1,
        "title": "测试提醒",
        "content": "任务「吃饭」的测试提醒已发送。",
        "type": "reminder",
        "read": true,
        "created_at": "2025-12-27T22:15:46.716738"
    },
    "21": {
        "id": 21,
        "user_id": 1,
        "title": "测试提醒",
        "content": "任务「吃饭」的测试提醒已发送。",
        "type": "reminder",
        "read": true,
        "created_at": "2025-12-27T22:17:44.265975"
    },
    "22": {
        "id": 22,
        "user_id": 1,
        "title": "测试提醒",
        "content": "任务「吃饭」的测试提醒已发送。",
        "type": "reminder",
        "read": true,
        "created_at": "2025-12-27T22:26:00.927774"
    },
    "23": {
        "id": 23,
        "user_id": 1,
        "title": "测试提醒",
        "content": "任务「吃饭」的测试提醒已发送。",
        "type": "reminder",
        "read": true,
        "created_at": "2025-12-27T22:26:35.032380"
    },
    "24": {
        "id": 24,
        "user_id": 1,
        "title": "测试提醒",
        "content": "任务「吃饭」的测试提醒已发送。",
        "type": "reminder",
        "read": true,
        "created_at": "2025-12-27T22:26:43.695982"
    },
    "25": {
        "id": 25,
        "user_id": 1,
        "title": "测试提醒",
        "content": "任务「吃饭」的测试提醒已发送。",
        "type": "reminder",
        "read": true,
        "created_at": "2025-12-27T22:28:30.692002"
    },
    "26": {
        "id": 26,
        "user_id": 1,
        "title": "任务即将开始",
        "content": "任务「测试修复提醒任务」将在12分钟后开始。",
        "type": "reminder",
        "read": true,
        "created_at": "2025-12-27T23:02:42.044973"
    },
    "27": {
        "id": 27,
        "user_id": 1,
        "title": "任务即将开始",
        "content": "任务「测试修复提醒任务」将在12分钟后开始。",
        "type": "reminder",
        "read": true,
        "created_at": "2025-12-27T23:02:42.902314"
    },
    "28": {
        "id": 28,
        "user_id": 1,
        "title": "任务即将开始",
        "content": "任务「测试修复提醒任务」将在12分钟后开始。",
        "type": "reminder",
        "read": true,
        "created_at": "2025-12-27T23:02:42.993307"
    },
    "29": {
        "id": 29,
        "user_id": 1,
        "title": "测试提醒",
        "content": "任务「吃饭」的测试提醒已发送。",
        "type": "reminder",
        "read": true,
        "created_at": "2025-12-27T23:03:33.632485"
    },
    "30": {
        "id": 30,
        "user_id": 1,
        "title": "任务即将开始",
        "content": "任务「测试修复提醒任务」将在12分钟后开始。",
        "type": "reminder",
        "read": true,
        "created_at": "2025-12-27T23:03:44.975457"
    },
    "31": {
        "id": 31,
        "user_id": 1,
        "title": "任务即将开始",
        "content": "任务「吃饭」将在3分钟后开始。",
        "type": "reminder",
        "read": true,
        "created_at": "2025-12-27T23:04:47.054107"
    },
    "32": {
        "id": 32,
        "user_id": 1,
        "title": "任务即将开始",
        "content": "任务「吃饭」将在3分钟后开始。",
        "type": "reminder",
        "read": true,
        "created_at": "2025-12-27T23:04:48.179194"
    },
    "33": {
        "id": 33,
        "user_id": 1,
        "title": "任务即将开始",
        "content": "任务「吃饭」将在2分钟后开始。",
        "type": "reminder",
        "read": true,
        "created_at": "2025-12-27T23:05:49.031899"
    },
    "34": {
        "id": 34,
        "user_id": 1,
        "title": "任务即将开始",
        "content": "任务「吃饭」将在2分钟后开始。",
        "type": "reminder",
        "read": true,
        "created_at": "2025-12-27T23:05:50.133246"
    },
    "35": {
        "id": 35,
        "user_id": 1,
        "title": "任务即将开始",
        "content": "任务「吃饭」将在1分钟后开始。",
        "type": "reminder",
        "read": true,
        "created_at": "2025-12-27T23:06:52.201046"
    },
    "36": {
        "id": 36,
        "user_id": 1,
        "title": "任务即将开始",
        "content": "任务「吃饭」将在1分钟后开始。",
        "type": "reminder",
        "read": true,
        "created_at": "2025-12-27T23:06:52.635341"
    },
    "37": {
        "id": 37,
        "user_id": 1,
        "title": "任务即将开始",
        "content": "任务「吃饭」将在1分钟后开始。",
        "type": "reminder",
        "read": true,
        "created_at": "2025-12-27T23:07:54.127344"
    },
    "38": {
        "id": 38,
        "user_id": 1,
        "title": "任务即将开始",
        "content": "任务「吃饭」将在1分钟后开始。",
        "type": "reminder",
        "read": true,
        "created_at": "2025-12-27T23:07:54.565246"
    },
    "39": {
        "id": 39,
        "user_id": 1,
        "title": "任务即将开始",
        "content": "任务「吃饭」将在1分钟后开始。",
        "type": "reminder",
        "read": true,
        "created_at": "2025-12-27T23:08:44.950463"
    },
    "40": {
        "id": 40,
        "user_id": 1,
        "title": "任务即将开始",
        "content": "任务「吃饭」将在1分钟后开始。",
        "type": "reminder",
        "read": true,
        "created_at": "2025-12-27T23:08:45.352541"
    },
    "41": {
        "id": 41,
        "user_id": 1,
        "title": "任务即将开始",
        "content": "任务「吃饭」将在1分钟后开始。",
        "type": "reminder",
        "read": true,
        "created_at": "2025-12-27T23:09:47.400427"
    },
    "42": {
        "id": 42,
        "user_id": 1,
        "title": "任务即将开始",
        "content": "任务「吃饭」将在1分钟后开始。",
        "type": "reminder",
        "read": true,
        "created_at": "2025-12-27T23:09:47.944728"
    },
    "43": {
        "id": 43,
        "user_id": 1,
        "title": "测试提醒",
        "content": "任务「吃饭」的测试提醒已发送。",
        "type": "reminder",
        "read": true,
        "created_at": "2025-12-27T23:13:05.236717"
    },
    "44": {
        "id": 44,
        "user_id": 1,
        "title": "任务即将开始",
        "content": "任务「测试修复提醒任务」将在12分钟后开始。",
        "type": "reminder",
        "read": false,
        "created_at": "2025-12-27T23:16:48.972367"
    },
    "45": {
        "id": 45,
        "user_id": 1,
        "title": "任务即将开始",
        "content": "任务「测试修复提醒任务」将在5分钟后开始。",
        "type": "reminder",
        "read": false,
        "created_at": "2025-12-27T23:21:31.712399"
    },
    "46": {
        "id": 46,
        "user_id": 1,
        "title": "任务即将开始",
        "content": "任务「测试修复提醒任务」将在5分钟后开始。",
        "type": "reminder",
        "read": false,
        "created_at": "2025-12-27T23:21:32.103922"
    },
    "47": {
        "id": 47,
        "user_id": 1,
        "title": "任务即将开始",
        "content": "任务「吃饭」将在2分钟后开始。",
        "type": "reminder",
        "read": false,
        "created_at": "2025-12-27T23:35:45.723248"
    },
    "48": {
        "id": 48,
        "user_id": 1,
        "title": "任务即将开始",
        "content": "任务「吃饭」将在2分钟后开始。",
        "type": "reminder",
        "read": false,
        "created_at": "2025-12-27T23:35:46.443342"
    },
    "49": {
        "id": 49,
        "user_id": 1,
        "title": "任务即将开始",
        "content": "任务「吃饭」将在1分钟后开始。",
        "type": "reminder",
        "read": false,
        "created_at": "2025-12-27T23:36:47.850505"
    },
    "50": {
        "id": 50,
        "user_id": 1,
        "title": "任务即将开始",
        "content": "任务「吃饭」将在1分钟后开始。",
        "type": "reminder",
        "read": true,
        "created_at": "2025-12-27T23:36:49.111123"
    },
    "51": {
        "id": 51,
        "user_id": 1,
        "title": "任务即将开始",
        "content": "任务「吃饭」将在3分钟后开始。",
        "type": "reminder",
        "read": true,
        "created_at": "2025-12-27T23:37:51.756547"
    },
    "52": {
        "id": 52,
        "user_id": 1,
        "title": "任务即将开始",
        "content": "任务「吃饭」将在3分钟后开始。",
        "type": "reminder",
        "read": true,
        "created_at": "2025-12-27T23:37:52.271330"
    }
}